Name,Config,FLOPs,Parameters,Top 1 Accuracy,Top 5 Accuracy,Epochs,Batch Size,Training Techniques
vit-large-p14_eva02_m38m-pre_in21k-medft_3rdparty_in1k-448px,configs/eva02/eva02-large-p14_in1k.py,362333836208,305104808,89.83,99.0,,,
beit-g-p14_eva-30m-in21k-pre_3rdparty_in1k-560px,configs/eva/eva-g-p14_8xb16_in1k-560px.py,1906761591680,1014447464,89.71,98.96,,,
vit-large-p14_eva02-in21k-pre_in21k-medft_3rdparty_in1k-448px,configs/eva02/eva02-large-p14_in1k.py,362333836208,305104808,89.65,98.95,,,
beit-g-p14_eva-30m-in21k-pre_3rdparty_in1k-336px,configs/eva/eva-g-p14_8xb16_in1k-336px.py,620642757504,1013005672,89.61,98.93,,,
beit-l-p14_eva-in21k-pre_3rdparty_in1k-336px,configs/eva/eva-l-p14_8xb16_in1k-336px.py,191100916736,304531432,89.17,98.86,,,
convnext-v2-huge_fcmae-in21k-pre_3rdparty_in1k-512px,configs/convnext_v2/convnext-v2-huge_32xb32_in1k-512px.py,600809158400,660289640,88.86,98.74,,,
convnext-v2-huge_fcmae-in21k-pre_3rdparty_in1k-384px,configs/convnext_v2/convnext-v2-huge_32xb32_in1k-384px.py,337955157760,660289640,88.68,98.73,,,
beit-l-p14_eva-pre_3rdparty_in1k-336px,configs/eva/eva-l-p14_8xb16_in1k-336px.py,191100916736,304531432,88.66,98.75,,,
beit-l-p14_eva-in21k-pre_3rdparty_in1k-196px,configs/eva/eva-l-p14_8xb16_in1k-196px.py,61565981696,304142312,88.58,98.65,,,
vit-base-p14_eva02-in21k-pre_in21k-medft_3rdparty_in1k-448px,configs/eva02/eva02-base-p14_in1k.py,107105984256,87126760,88.47,98.62,,,
efficientnet-l2_3rdparty-ra-noisystudent_in1k-800px,configs/efficientnet/efficientnet-l2_8xb8_in1k-800px.py,174203533416,480309308,88.33,98.65,,,
vit-base-p14_eva02-in21k-pre_3rdparty_in1k-448px,configs/eva02/eva02-base-p14_in1k.py,107105984256,87126760,88.29,98.53,,,
convnext-v2-large_fcmae-in21k-pre_3rdparty_in1k-384px,configs/convnext_v2/convnext-v2-large_32xb32_in1k-384px.py,101103214080,197956840,88.18,98.52,,,
efficientnet-l2_3rdparty-ra-noisystudent_in1k-475px,configs/efficientnet/efficientnet-l2_8xb32_in1k-475px.py,484984099280,480309308,88.18,98.55,,,
beit-l-p14_eva-pre_3rdparty_in1k-196px,configs/eva/eva-l-p14_8xb16_in1k-196px.py,61565981696,304142312,87.94,98.5,,,
convnext-xlarge_in21k-pre-3rdparty_in1k-384px,configs/convnext/convnext-xlarge_64xb64_in1k-384px.py,179196798976,350196968,87.76,98.55,,,
deit3-large-p16_in21k-pre_3rdparty_in1k-384px,configs/deit3/deit3-large-p16_64xb16_in1k-384px.py,191210034176,304763880,87.73,98.51,,,
convnext-v2-base_fcmae-in21k-pre_3rdparty_in1k-384px,configs/convnext_v2/convnext-v2-base_32xb32_in1k-384px.py,45205885952,88717800,87.63,98.42,,,
swinv2-large-w24_in21k-pre_3rdparty_in1k-384px,configs/swin_transformer_v2/swinv2-large-w24_in21k-pre_16xb64_in1k-384px.py,76200000000,196750000,87.59,98.27,,,
replknet-XL_meg73m-pre_3rdparty_in1k-320px,configs/replknet/replknet-XL_32xb64_in1k-320px.py,129570201600,335435752,87.57,98.39,,,
convnext-large_in21k-pre-3rdparty_in1k-384px,configs/convnext/convnext-large_64xb64_in1k-384px.py,101103214080,197767336,87.46,98.37,,,
vit-huge-p14_mae-1600e-pre_32xb8-coslr-50e_in1k-448px,configs/mae/benchmarks/vit-huge-p14_32xb8-coslr-50e_in1k-448px.py,732131983360,633026280,87.3,,50.0,256.0,
convnext-v2-large_fcmae-in21k-pre_3rdparty_in1k,configs/convnext_v2/convnext-v2-large_32xb32_in1k.py,34403182080,197956840,87.26,98.24,,,
swin-large_in21k-pre-3rdparty_in1k-384,configs/swin_transformer/swin-large_16xb64_in1k-384px.py,100040000000,196740000,87.25,98.25,,,
deit3-huge-p14_in21k-pre_3rdparty_in1k,configs/deit3/deit3-huge-p14_64xb32_in1k.py,167400741120,632126440,87.19,98.26,,,
vit-base-p16_clip-laion2b-in12k-pre_3rdparty_in1k-384px,configs/clip/vit-base-p16_pt-64xb64_in1k-384px.py,49370078208,86568424,87.17,98.02,,,
swinv2-base-w24_in21k-pre_3rdparty_in1k-384px,configs/swin_transformer_v2/swinv2-base-w24_in21k-pre_16xb64_in1k-384px.py,34070000000,87920000,87.14,98.23,,,
deit3-large-p16_in21k-pre_3rdparty_in1k,configs/deit3/deit3-large-p16_64xb64_in1k.py,61603111936,304374760,86.97,98.24,,,
convnext-xlarge_in21k-pre_3rdparty_in1k,configs/convnext/convnext-xlarge_64xb64_in1k.py,60929820672,350196968,86.97,98.2,,,
swinv2-large-w16_in21k-pre_3rdparty_in1k-256px,configs/swin_transformer_v2/swinv2-large-w16_in21k-pre_16xb64_in1k-256px.py,33860000000,196750000,86.93,98.06,,,
vit-huge-p14_mae-1600e-pre_8xb128-coslr-50e_in1k,configs/mae/benchmarks/vit-huge-p14_8xb128-coslr-50e_in1k.py,167399096320,632043240,86.9,,50.0,1024.0,
vit-base-p16_clip-openai-in12k-pre_3rdparty_in1k-384px,configs/clip/vit-base-p16_pt-64xb64_in1k-384px.py,49370078208,86568424,86.87,98.05,,,
efficientnet-b7_3rdparty-ra-noisystudent_in1k,configs/efficientnet/efficientnet-b7_8xb32_in1k.py,39316473392,66347960,86.83,98.08,,,
convnext-base_in21k-pre-3rdparty_in1k-384px,configs/convnext/convnext-base_32xb128_in1k-384px.py,45205885952,88591464,86.82,98.25,,,
convnext-v2-base_fcmae-in21k-pre_3rdparty_in1k,configs/convnext_v2/convnext-v2-base_32xb32_in1k.py,15382561792,88717800,86.74,98.02,,,
deit3-base-p16_in21k-pre_3rdparty_in1k-384px,configs/deit3/deit3-base-p16_64xb32_in1k-384px.py,55538974464,86877160,86.73,98.11,,,
replknet-31L_in21k-pre_3rdparty_in1k-384px,configs/replknet/replknet-31L_32xb64_in1k-384px.py,97240006656,172671016,86.63,98.0,,,
convnext-large_in21k-pre_3rdparty_in1k,configs/convnext/convnext-large_64xb64_in1k.py,34368026112,197767336,86.61,98.04,,,
vit-base-p16_clip-laion2b-pre_3rdparty_in1k-384px,configs/clip/vit-base-p16_pt-64xb64_in1k-384px.py,49370078208,86568424,86.52,97.97,,,
beit-base-p16_beitv2-in21k-pre_3rdparty_in1k,configs/beitv2/benchmarks/beit-base-p16_8xb64_in1k.py,17581219584,86530984,86.47,97.99,,,
efficientnet-b6_3rdparty-ra-noisystudent_in1k,configs/efficientnet/efficientnet-b6_8xb32_in1k.py,19971777560,43040704,86.47,97.87,,,
tinyvit-21m_in21k-distill-pre_3rdparty_in1k-512px,configs/tinyvit/tinyvit-21m-distill_8xb256_in1k-512px.py,27151420224,21268120,86.44,97.89,,,
swin-base_in21k-pre-3rdparty_in1k-384,configs/swin_transformer/swin-base_16xb64_in1k-384px.py,44490000000,87900000,86.44,98.05,,,
efficientnetv2-xl_in21k-pre_3rdparty_in1k,configs/efficientnet_v2/efficientnetv2-xl_8xb32_in1k-512px.py,98341230592,208119808,86.39,97.83,,,
efficientnetv2-l_in21k-pre_3rdparty_in1k,configs/efficientnet_v2/efficientnetv2-l_8xb32_in1k-480px.py,60142387008,118515272,86.31,97.99,,,
vit-base-p16_clip-openai-pre_3rdparty_in1k-384px,configs/clip/vit-base-p16_pt-64xb64_in1k-384px.py,49370078208,86568424,86.25,97.9,,,
convnext-v2-huge_fcmae-pre_3rdparty_in1k,configs/convnext_v2/convnext-v2-huge_32xb32_in1k.py,114998639360,660289640,86.25,97.75,,,
swin-large_in21k-pre-3rdparty_in1k,configs/swin_transformer/swin-large_16xb64_in1k.py,34040000000,196530000,86.24,97.88,,,
tinyvit-21m_in21k-distill-pre_3rdparty_in1k-384px,configs/tinyvit/tinyvit-21m-distill_8xb256_in1k-384px.py,13848250176,21230488,86.21,97.77,,,
swinv2-base-w16_in21k-pre_3rdparty_in1k-256px,configs/swin_transformer_v2/swinv2-base-w16_in21k-pre_16xb64_in1k-256px.py,15140000000,87920000,86.17,97.88,,,
xcit-large-24-p8_3rdparty-dist_in1k-384px,configs/xcit/xcit-large-24-p8_8xb128_in1k-384px.py,415003137792,188932648,86.13,97.75,,,
efficientnet-b5_3rdparty-ra-noisystudent_in1k,configs/efficientnet/efficientnet-b5_8xb32_in1k.py,10799472560,30389784,86.08,97.75,,,
vit-base-p16_clip-laion2b-in12k-pre_3rdparty_in1k,configs/clip/vit-base-p16_pt-64xb64_in1k.py,16855600128,86568424,86.02,97.76,,,
replknet-31B_in21k-pre_3rdparty_in1k-384px,configs/replknet/replknet-31B_32xb64_in1k-384px.py,45952303104,79864168,85.99,97.75,,,
vit-base-p16_clip-openai-in12k-pre_3rdparty_in1k,configs/clip/vit-base-p16_pt-64xb64_in1k.py,16855600128,86568424,85.99,97.72,,,
xcit-medium-24-p8_3rdparty-dist_in1k-384px,configs/xcit/xcit-medium-24-p8_8xb128_in1k-384px.py,186672626176,84323624,85.87,97.61,,,
deit3-large-p16_3rdparty_in1k-384px,configs/deit3/deit3-large-p16_64xb16_in1k-384px.py,191210034176,304763880,85.82,97.6,,,
convnext-base_in21k-pre_3rdparty_in1k,configs/convnext/convnext-base_32xb128_in1k.py,15359124480,88591464,85.81,97.86,,,
xcit-large-24-p16_3rdparty-dist_in1k-384px,configs/xcit/xcit-large-24-p16_8xb128_in1k-384px.py,105345095424,189096136,85.78,97.6,,,
vit-small-p14_eva02-in21k-pre_3rdparty_in1k-336px,configs/eva02/eva02-small-p14_in1k.py,15476744064,22133608,85.78,97.6,,,
vit-base-p32_clip-laion2b-in12k-pre_3rdparty_in1k-448px,configs/clip/vit-base-p32_pt-64xb64_in1k-448px.py,17202416640,88225000,85.76,97.63,,,
convnext-v2-large_fcmae-pre_3rdparty_in1k,configs/convnext_v2/convnext-v2-large_32xb32_in1k.py,34403182080,197956840,85.76,97.59,,,
convnext-small_in21k-pre_3rdparty_in1k-384px,configs/convnext/convnext-small_32xb128_in1k-384px.py,25580818176,50223688,85.75,97.88,,,
deit3-base-p16_in21k-pre_3rdparty_in1k,configs/deit3/deit3-base-p16_64xb64_in1k.py,17581972224,86585320,85.7,97.75,,,
vit-large-p16_mae-1600e-pre_8xb128-coslr-50e_in1k,configs/mae/benchmarks/vit-large-p16_8xb128-coslr-50e_in1k.py,61602103296,304324584,85.7,,50.0,1024.0,
vit-large-p16_in21k-pre_3rdparty_in1k-384px,configs/vision_transformer/vit-large-p16_64xb64_in1k-384px.py,191210034176,304715752,85.63,97.63,,,
xcit-small-24-p8_3rdparty-dist_in1k-384px,configs/xcit/xcit-small-24-p8_8xb128_in1k-384px.py,105236704128,47631112,85.57,97.6,,,
deit-base-distilled_224px-pre_3rdparty_in1k-384px,configs/deit/deit-base-distilled_16xb32_in1k-384px.py,55645294080,87630032,85.55,97.35,,,
convnext-large_3rdparty_in1k-384px,configs/convnext/convnext-large_64xb64_in1k-384px.py,101103214080,197767336,85.5,97.59,,,
vit-base-p16_clip-laion2b-pre_3rdparty_in1k,configs/clip/vit-base-p16_pt-64xb64_in1k.py,16855600128,86568424,85.49,97.59,,,
efficientnetv2-m_in21k-pre_3rdparty_in1k,configs/efficientnet_v2/efficientnetv2-m_8xb32_in1k-480px.py,26880363584,54139356,85.47,97.76,,,
xcit-medium-24-p16_3rdparty-dist_in1k-384px,configs/xcit/xcit-medium-24-p16_8xb128_in1k-384px.py,47388932608,84395752,85.47,97.49,,,
vit-base-p16_in21k-pre_3rdparty_in1k-384px,configs/vision_transformer/vit-base-p16_64xb64_in1k-384px.py,55538974464,86859496,85.43,97.77,,,
efficientnetv2-l_3rdparty_in1k,configs/efficientnet_v2/efficientnetv2-l_8xb32_in1k-480px.py,60142387008,118515272,85.43,97.31,,,
vit-large-p16_mae-800e-pre_8xb128-coslr-50e_in1k,configs/mae/benchmarks/vit-large-p16_8xb128-coslr-50e_in1k.py,61602103296,304324584,85.4,,50.0,1024.0,
vit-base-p32_clip-laion2b-in12k-pre_3rdparty_in1k-384px,configs/clip/vit-base-p32_pt-64xb64_in1k-384px.py,12661054464,88225000,85.39,97.67,,,
efficientnet-b8_3rdparty_8xb32-aa-advprop_in1k,configs/efficientnet/efficientnet-b8_8xb32-01norm_in1k.py,64999827816,87413142,85.38,97.28,,,
vit-base-p16_milan-pre_8xb128-coslr-100e_in1k,configs/milan/benchmarks/vit-base-p16_8xb128-coslr-100e_in1k.py,17581215744,86566120,85.3,,100.0,1024.0,
vit-base-p16_clip-openai-pre_3rdparty_in1k,configs/clip/vit-base-p16_pt-64xb64_in1k.py,16855600128,86568424,85.3,97.5,,,
beit-base-p16_beit-in21k-pre_3rdparty_in1k,configs/beit/benchmarks/beit-base-p16_8xb64_in1k.py,17581219584,86530984,85.28,97.59,,,
mvitv2-large_3rdparty_in1k,configs/mvit/mvitv2-large_8xb256_in1k.py,43868151412,217992952,85.25,97.14,,,
efficientnet-b4_3rdparty-ra-noisystudent_in1k,configs/efficientnet/efficientnet-b4_8xb32_in1k.py,4659080176,19341616,85.25,97.52,,,
deit3-huge-p14_3rdparty_in1k,configs/deit3/deit3-huge-p14_64xb32_in1k.py,167400741120,632126440,85.21,97.36,,,
vit-large-p16_mae-400e-pre_8xb128-coslr-50e_in1k,configs/mae/benchmarks/vit-large-p16_8xb128-coslr-50e_in1k.py,61602103296,304324584,85.2,,50.0,1024.0,
replknet-31B_in21k-pre_3rdparty_in1k,configs/replknet/replknet-31B_32xb64_in1k.py,15636547584,79864168,85.2,97.56,,,
swin-base_in21k-pre-3rdparty_in1k,configs/swin_transformer/swin-base_16xb64_in1k.py,15140000000,87770000,85.16,97.5,,,
xcit-large-24-p8_3rdparty-dist_in1k,configs/xcit/xcit-large-24-p8_8xb128_in1k.py,141225699072,188932648,85.14,97.32,,,
efficientnet-b7_3rdparty_8xb32-aa-advprop_in1k,configs/efficientnet/efficientnet-b7_8xb32-01norm_in1k.py,39316473392,66347960,85.14,97.23,,,
vit-base-p32_clip-openai-in12k-pre_3rdparty_in1k-384px,configs/clip/vit-base-p32_pt-64xb64_in1k-384px.py,12661054464,88225000,85.13,97.42,,,
xcit-small-12-p8_3rdparty-dist_in1k-384px,configs/xcit/xcit-small-12-p8_8xb128_in1k-384px.py,54923537280,26213032,85.12,97.31,,,
xcit-small-24-p16_3rdparty-dist_in1k-384px,configs/xcit/xcit-small-24-p16_8xb128_in1k-384px.py,26721471360,47671384,85.1,97.32,,,
convnext-base_3rdparty_in1k-384px,configs/convnext/convnext-base_32xb128_in1k-384px.py,45205885952,88591464,85.1,97.34,,,
convnext-v2-tiny_fcmae-in21k-pre_3rdparty_in1k-384px,configs/convnext_v2/convnext-v2-tiny_32xb32_in1k-384px.py,13135236864,28635496,85.09,97.63,,,
deit3-base-p16_3rdparty_in1k-384px,configs/deit3/deit3-base-p16_64xb32_in1k-384px.py,55538974464,86877160,85.08,97.25,,,
efficientnetv2-m_3rdparty_in1k,configs/efficientnet_v2/efficientnetv2-m_8xb32_in1k-480px.py,26880363584,54139356,85.01,97.26,,,
beit-base-p16_beitv2-pre_8xb128-coslr-100e_in1k,configs/beitv2/benchmarks/beit-base-p16_8xb128-coslr-100e_in1k.py,17581219584,86530984,85.0,,100.0,1024.0,
xcit-medium-24-p8_3rdparty-dist_in1k,configs/xcit/xcit-medium-24-p8_8xb128_in1k.py,63524706816,84323624,85.0,97.16,,,
deit3-large-p16_3rdparty_in1k,configs/deit3/deit3-large-p16_64xb64_in1k.py,61603111936,304374760,84.87,97.01,,,
convnext-v2-base_fcmae-pre_3rdparty_in1k,configs/convnext_v2/convnext-v2-base_32xb32_in1k.py,15382561792,88717800,84.87,97.08,,,
tinyvit-21m_in21k-distill-pre_3rdparty_in1k,configs/tinyvit/tinyvit-21m-distill_8xb256_in1k.py,4301124096,21198568,84.85,97.27,,,
replknet-31B_3rdparty_in1k-384px,configs/replknet/replknet-31B_32xb64_in1k-384px.py,45952303104,79864168,84.84,97.34,,,
deit3-small-p16_in21k-pre_3rdparty_in1k-384px,configs/deit3/deit3-small-p16_64xb64_in1k-384px.py,15517663104,22205416,84.84,97.48,,,
swin-large-w14_simmim-800e-pre_8xb256-coslr-100e_in1k,configs/simmim/benchmarks/swin-large-w14_8xb256-coslr-100e_in1k.py,38853083136,196848316,84.8,,100.0,2048.0,
xcit-small-12-p16_3rdparty-dist_in1k-384px,configs/xcit/xcit-small-12-p16_8xb128_in1k-384px.py,14143179648,26253304,84.74,97.19,,,
efficientnet-b6_3rdparty_8xb32-aa-advprop_in1k,configs/efficientnet/efficientnet-b6_8xb32-01norm_in1k.py,19971777560,43040704,84.74,97.14,,,
xcit-small-24-p8_3rdparty-dist_in1k,configs/xcit/xcit-small-24-p8_8xb128_in1k.py,35812053888,47631112,84.68,97.07,,,
mixmim-base_mixmim-pre_8xb128-coslr-100e_in1k,configs/mixmim/benchmarks/mixmim-base_8xb128-coslr-100e_in1k.py,16351906816,88344352,84.63,,100.0,1024.0,
xcit-large-24-p16_3rdparty-dist_in1k,configs/xcit/xcit-large-24-p16_8xb128_in1k.py,35855948544,189096136,84.61,97.07,,,
swinv2-base-w16_3rdparty_in1k-256px,configs/swin_transformer_v2/swinv2-base-w16_16xb64_in1k-256px.py,15140000000,87920000,84.6,97.05,,,
convnext-small_in21k-pre_3rdparty_in1k,configs/convnext/convnext-small_32xb128_in1k.py,8687008512,50223688,84.59,97.41,,,
deit3-medium-p16_in21k-pre_3rdparty_in1k,configs/deit3/deit3-medium-p16_64xb64_in1k.py,8003064320,38849512,84.56,97.19,,,
swin-base_3rdparty_in1k-384,configs/swin_transformer/swin-base_16xb64_in1k-384px.py,44490000000,87900000,84.49,96.95,,,
efficientnet-b7_3rdparty_8xb32-aa_in1k,configs/efficientnet/efficientnet-b7_8xb32_in1k.py,39316473392,66347960,84.38,96.88,,,
mvitv2-base_3rdparty_in1k,configs/mvit/mvitv2-base_8xb256_in1k.py,10157964400,51472744,84.34,96.86,,,
hornet-base-gf_3rdparty_in1k,configs/hornet/hornet-base-gf_8xb64_in1k.py,15423308992,88421352,84.32,96.95,,,
convnext-large_3rdparty_in1k,configs/convnext/convnext-large_64xb64_in1k.py,34368026112,197767336,84.3,96.89,,,
efficientnetv2-s_in21k-pre_3rdparty_in1k,configs/efficientnet_v2/efficientnetv2-s_8xb32_in1k-384px.py,9719420928,21458488,84.29,97.26,,,
hornet-base_3rdparty_in1k,configs/hornet/hornet-base_8xb64_in1k.py,15582677376,87256680,84.24,96.94,,,
xcit-large-24-p8_3rdparty_in1k,configs/xcit/xcit-large-24-p8_8xb128_in1k.py,141225699072,188932648,84.23,96.58,,,
efficientnet-b5_3rdparty_8xb32-aa-advprop_in1k,configs/efficientnet/efficientnet-b5_8xb32-01norm_in1k.py,10799472560,30389784,84.21,96.98,,,
swinv2-base-w8_3rdparty_in1k-256px,configs/swin_transformer_v2/swinv2-base-w8_16xb64_in1k-256px.py,14990000000,87920000,84.2,96.86,,,
xcit-medium-24-p16_3rdparty-dist_in1k,configs/xcit/xcit-medium-24-p16_8xb128_in1k.py,16129561088,84395752,84.15,96.82,,,
swinv2-small-w16_3rdparty_in1k-256px,configs/swin_transformer_v2/swinv2-small-w16_16xb64_in1k-256px.py,8570000000,49730000,84.13,96.83,,,
convnext-tiny_in21k-pre_3rdparty_in1k-384px,configs/convnext/convnext-tiny_32xb128_in1k-384px.py,13135236864,28589128,84.11,97.14,,,
davit-base_3rdparty_in1k,configs/davit/davit-base_4xb256_in1k.py,15509702656,87954408,84.09,96.82,,,
efficientnet-b6_3rdparty_8xb32-aa_in1k,configs/efficientnet/efficientnet-b6_8xb32_in1k.py,19971777560,43040704,84.05,96.82,,,
efficientnet-b3_3rdparty-ra-noisystudent_in1k,configs/efficientnet/efficientnet-b3_8xb32_in1k.py,1953798216,12233232,84.02,96.89,,,
vit-base-p32_in21k-pre_3rdparty_in1k-384px,configs/vision_transformer/vit-base-p32_64xb64_in1k-384px.py,13056716544,88297192,84.01,97.08,,,
hornet-small-gf_3rdparty_in1k,configs/hornet/hornet-small-gf_8xb64_in1k.py,8706094992,50401768,83.98,96.77,,,
xcit-small-12-p8_3rdparty-dist_in1k,configs/xcit/xcit-small-12-p8_8xb128_in1k.py,18691601280,26213032,83.97,96.81,,,
convnext-v2-tiny_fcmae-in21k-pre_3rdparty_in1k,configs/convnext_v2/convnext-v2-tiny_32xb32_in1k.py,4469631744,28635496,83.89,96.96,,,
van-large_3rdparty_in1k,configs/van/van-large_8xb128_in1k.py,8990000000,44770000,83.86,96.73,,,
convnext-base_3rdparty_in1k,configs/convnext/convnext-base_32xb128_in1k.py,15359124480,88591464,83.85,96.74,,,
conformer-base-p16_3rdparty_in1k,configs/conformer/conformer-base-p16_8xb128_in1k.py,22892078080,83289136,83.82,96.59,,,
efficientnet-b5_3rdparty_8xb32-aa_in1k,configs/efficientnet/efficientnet-b5_8xb32_in1k.py,10799472560,30389784,83.82,96.76,,,
efficientnetv2-s_3rdparty_in1k,configs/efficientnet_v2/efficientnetv2-s_8xb32_in1k-384px.py,9719420928,21458488,83.82,96.67,,,
deit3-base-p16_3rdparty_in1k,configs/deit3/deit3-base-p16_64xb64_in1k.py,17581972224,86585320,83.8,96.55,,,
swin-base-w6_simmim-800e-pre_8xb256-coslr-100e_in1k-192px,configs/simmim/benchmarks/swin-base-w7_8xb256-coslr-100e_in1k.py,15466852352,87768224,83.8,,100.0,2048.0,
hornet-small_3rdparty_in1k,configs/hornet/hornet-small_8xb64_in1k.py,8825621280,49528264,83.79,96.75,,,
xcit-tiny-24-p8_3rdparty-dist_in1k-384px,configs/xcit/xcit-tiny-24-p8_8xb128_in1k-384px.py,27052135872,12107128,83.77,96.72,,,
swinv2-small-w8_3rdparty_in1k-256px,configs/swin_transformer_v2/swinv2-small-w8_16xb64_in1k-256px.py,8450000000,49730000,83.74,96.6,,,
convnext-base_3rdparty-noema_in1k,configs/convnext/convnext-base_32xb128_in1k.py,15359124480,88591464,83.71,96.6,,,
xcit-small-24-p16_3rdparty-dist_in1k,configs/xcit/xcit-small-24-p16_8xb128_in1k.py,9095064960,47671384,83.7,96.61,,,
riformer-m48_in1k-384,configs/riformer/riformer-m48_8xb64_in1k-384px.py,34060000000,73473000,83.7,96.6,,,
vit-large-p16_mocov3-pre_8xb64-coslr-100e_in1k,configs/mocov3/benchmarks/vit-large-p16_8xb64-coslr-100e_in1k.py,61603111936,304326632,83.7,,100.0,512.0,
vit-base-p16_eva-mae-style-pre_8xb128-coslr-100e_in1k,configs/eva/benchmarks/vit-base-p16_8xb128-coslr-100e_in1k.py,17581215744,86566120,83.7,,100.0,1024.0,
edgenext-base_3rdparty-usi_in1k,configs/edgenext/edgenext-base_8xb256-usi_in1k.py,3814395280,18511292,83.67,96.7,,,
convnext-base_32xb128_in1k,configs/convnext/convnext-base_32xb128_in1k.py,15359124480,88591464,83.66,96.74,,,
convnext-base_32xb128-noema_in1k,configs/convnext/convnext-base_32xb128_in1k.py,15359124480,88591464,83.64,96.61,,,
hrnet-w48_3rdparty_8xb32-ssld_in1k,configs/hrnet/hrnet-w48_4xb32_in1k.py,17364014752,77466024,83.63,96.79,,,
mvitv2-small_3rdparty_in1k,configs/mvit/mvitv2-small_8xb256_in1k.py,6997555136,34870216,83.63,96.51,,,
xcit-small-24-p8_3rdparty_in1k,configs/xcit/xcit-small-24-p8_8xb128_in1k.py,35812053888,47631112,83.62,96.51,,,
davit-small_3rdparty_in1k,configs/davit/davit-small_4xb256_in1k.py,8799942144,49745896,83.61,96.75,,,
xcit-medium-24-p8_3rdparty_in1k,configs/xcit/xcit-medium-24-p8_8xb128_in1k.py,63524706816,84323624,83.61,96.23,,,
twins-svt-large_3rdparty_16xb64_in1k,configs/twins/twins-svt-large_16xb64_in1k.py,14820000000,99270000,83.6,96.5,,,
pvig-base_3rdparty_in1k,configs/vig/pvig-base_8xb128_in1k.py,16861000000,95213000,83.59,96.52,,,
vit-base-p16_mae-1600e-pre_8xb128-coslr-100e_in1k,configs/mae/benchmarks/vit-base-p16_8xb128-coslr-100e_in1k.py,17581215744,86566120,83.5,,100.0,1024.0,
swin-base-w7_simmim-100e-pre_8xb256-coslr-100e_in1k,configs/simmim/benchmarks/swin-base-w7_8xb256-coslr-100e_in1k.py,15466852352,87768224,83.5,,100.0,2048.0,
replknet-31B_3rdparty_in1k,configs/replknet/replknet-31B_32xb64_in1k.py,15636547584,79864168,83.48,96.57,,,
deit3-small-p16_3rdparty_in1k-384px,configs/deit3/deit3-small-p16_64xb64_in1k-384px.py,15517663104,22205416,83.43,96.68,,,
swin-base_3rdparty_in1k,configs/swin_transformer/swin-base_16xb64_in1k.py,15140000000,87770000,83.42,96.44,,,
efficientformer-l7_3rdparty_8xb128_in1k,configs/efficientformer/efficientformer-l7_8xb128_in1k.py,10163951616,82229328,83.4,96.6,,,
vit-base-p16_maskfeat-pre_8xb256-coslr-100e_in1k,configs/maskfeat/benchmarks/vit-base-p16_8xb256-coslr-100e_in1k.py,17581215744,86566120,83.4,,100.0,2048.0,
riformer-m36_in1k-384,configs/riformer/riformer-m36_8xb64_in1k-384px.py,25865000000,56173000,83.39,96.4,,,
convnext-v2-nano_fcmae-in21k-pre_3rdparty_in1k-384px,configs/convnext_v2/convnext-v2-nano_32xb32_in1k-384px.py,7214472320,15623800,83.36,96.75,,,
swin-base_16xb64_in1k,configs/swin_transformer/swin-base_16xb64_in1k.py,15140000000,87770000,83.36,96.44,,,
deit-base-distilled_3rdparty_in1k,configs/deit/deit-base-distilled_16xb64_in1k.py,17674283520,87338192,83.33,96.49,,,
conformer-small-p16_3rdparty_in1k,configs/conformer/conformer-small-p16_8xb128_in1k.py,10311309312,37673424,83.32,96.46,,,
vit-base-p16_mae-800e-pre_8xb128-coslr-100e_in1k,configs/mae/benchmarks/vit-base-p16_8xb128-coslr-100e_in1k.py,17581215744,86566120,83.3,,100.0,1024.0,
vit-base-p16_mae-400e-pre_8xb128-coslr-100e_in1k,configs/mae/benchmarks/vit-base-p16_8xb128-coslr-100e_in1k.py,17581215744,86566120,83.3,,100.0,1024.0,
efficientnet-b4_3rdparty_8xb32-aa-advprop_in1k,configs/efficientnet/efficientnet-b4_8xb32-01norm_in1k.py,4659080176,19341616,83.25,96.44,,,
swin-small_3rdparty_in1k,configs/swin_transformer/swin-small_16xb64_in1k.py,8520000000,49610000,83.21,96.25,,,
convnext-small_32xb128-noema_in1k,configs/convnext/convnext-small_32xb128_in1k.py,8687008512,50223688,83.21,96.48,,,
xcit-small-12-p8_3rdparty_in1k,configs/xcit/xcit-small-12-p8_8xb128_in1k.py,18691601280,26213032,83.21,96.41,,,
beit-base-p16_cae-pre_8xb128-coslr-100e_in1k,configs/cae/benchmarks/beit-base-p16_8xb128-coslr-100e_in1k.py,17581219584,86682280,83.2,,100.0,1024.0,
tinyvit-11m_in21k-distill-pre_3rdparty_in1k,configs/tinyvit/tinyvit-11m-distill_8xb256_in1k.py,2050033664,10996972,83.19,96.53,,,
efficientnet-b5_3rdparty_8xb32_in1k,configs/efficientnet/efficientnet-b5_8xb32_in1k.py,10799472560,30389784,83.18,96.47,,,
convnext-small_32xb128_in1k,configs/convnext/convnext-small_32xb128_in1k.py,8687008512,50223688,83.16,96.56,,,
twins-svt-base_8xb128_3rdparty_in1k,configs/twins/twins-svt-base_8xb128_in1k.py,8350000000,56070000,83.13,96.29,,,
xcit-small-12-p16_3rdparty-dist_in1k,configs/xcit/xcit-small-12-p16_8xb128_in1k.py,4814951808,26253304,83.12,96.41,,,
pvig-medium_3rdparty_in1k,configs/vig/pvig-medium_8xb128_in1k.py,8886000000,51682000,83.12,96.35,,,
vit-base-p16_mae-300e-pre_8xb128-coslr-100e_in1k,configs/mae/benchmarks/vit-base-p16_8xb128-coslr-100e_in1k.py,17581215744,86566120,83.1,,100.0,1024.0,
beit-base-p16_beit-pre_8xb128-coslr-100e_in1k,configs/beit/benchmarks/beit-base-p16_8xb128-coslr-100e_in1k.py,17581219584,86530984,83.1,,100.0,1024.0,
twins-pcpvt-large_3rdparty_16xb64_in1k,configs/twins/twins-pcpvt-large_16xb64_in1k.py,9510000000,60990000,83.09,96.59,,,
tinyvit-21m_3rdparty_in1k,configs/tinyvit/tinyvit-21m_8xb256_in1k.py,4301124096,21198568,83.08,96.58,,,
vit-base-p32_clip-laion2b-in12k-pre_3rdparty_in1k,configs/clip/vit-base-p32_pt-64xb64_in1k.py,4364335104,88225000,83.06,96.49,,,
deit3-small-p16_in21k-pre_3rdparty_in1k,configs/deit3/deit3-small-p16_64xb64_in1k.py,4607954304,22059496,83.06,96.77,,,
deit-base_224px-pre_3rdparty_in1k-384px,configs/deit/deit-base_16xb32_in1k-384px.py,55538974464,86859496,83.04,96.31,,,
swin-small_16xb64_in1k,configs/swin_transformer/swin-small_16xb64_in1k.py,8520000000,49610000,83.02,96.29,,,
vit-base-p16_mocov3-pre_8xb64-coslr-150e_in1k,configs/mocov3/benchmarks/vit-base-p16_8xb64-coslr-150e_in1k.py,17581972224,86567656,83.0,,150.0,512.0,
deit3-medium-p16_3rdparty_in1k,configs/deit3/deit3-medium-p16_64xb64_in1k.py,8003064320,38849512,82.99,96.22,,,
hornet-tiny-gf_3rdparty_in1k,configs/hornet/hornet-tiny-gf_8xb128_in1k.py,3896472160,22991848,82.98,96.38,,,
xcit-large-24-p16_3rdparty_in1k,configs/xcit/xcit-large-24-p16_8xb128_in1k.py,35855948544,189096136,82.97,95.86,,,
efficientnet-b4_3rdparty_8xb32-aa_in1k,configs/efficientnet/efficientnet-b4_8xb32_in1k.py,4659080176,19341616,82.95,96.26,,,
convnext-v2-tiny_fcmae-pre_3rdparty_in1k,configs/convnext_v2/convnext-v2-tiny_32xb32_in1k.py,4469631744,28635496,82.94,96.29,,,
convnext-tiny_in21k-pre_3rdparty_in1k,configs/convnext/convnext-tiny_32xb128_in1k.py,4457472768,28589128,82.9,96.62,,,
hornet-tiny_3rdparty_in1k,configs/hornet/hornet-tiny_8xb128_in1k.py,3976156352,22409512,82.84,96.24,,,
swinv2-tiny-w16_3rdparty_in1k-256px,configs/swin_transformer_v2/swinv2-tiny-w16_16xb64_in1k-256px.py,4400000000,28350000,82.81,96.23,,,
van-base_3rdparty_in1k,configs/van/van-base_8xb128_in1k.py,5030000000,26580000,82.8,96.21,,,
convnextv2-tiny_spark-pre_300e_in1k,configs/spark/benchmarks/convnextv2-tiny_8xb256-coslr-300e_in1k.py,4469631744,28635496,82.8,96.3,,,
riformer-m48_in1k,configs/riformer/riformer-m48_8xb64_in1k.py,11590000000,73473000,82.75,96.11,,,
t2t-vit-t-24_8xb64_in1k,configs/t2t_vit/t2t-vit-t-24_8xb64_in1k.py,12690000000,64000000,82.71,96.09,,,
swin-base-w6_simmim-100e-pre_8xb256-coslr-100e_in1k-192px,configs/simmim/benchmarks/swin-base-w6_8xb256-coslr-100e_in1k-192px.py,11303976960,87750176,82.7,,100.0,2048.0,
twins-pcpvt-base_3rdparty_8xb128_in1k,configs/twins/twins-pcpvt-base_8xb128_in1k.py,6450000000,43830000,82.66,96.26,,,
t2t-vit-t-19_8xb64_in1k,configs/t2t_vit/t2t-vit-t-19_8xb64_in1k.py,7800000000,39080000,82.63,96.18,,,
xcit-tiny-24-p8_3rdparty-dist_in1k,configs/xcit/xcit-tiny-24-p8_8xb128_in1k.py,9205828032,12107128,82.62,96.16,,,
vig-base_3rdparty_in1k,configs/vig/vig-base_8xb128_in1k.py,17681000000,20685000,82.62,96.04,,,
levit-384_3rdparty_in1k,configs/levit/levit-384_8xb256_in1k.py,2372941568,38358300,82.59,95.95,,,
riformer-m36_in1k,configs/riformer/riformer-m36_8xb128_in1k.py,8801000000,56173000,82.57,95.99,,,
efficientnet-b4_3rdparty_8xb32_in1k,configs/efficientnet/efficientnet-b4_8xb32_in1k.py,4659080176,19341616,82.57,96.09,,,
xcit-medium-24-p16_3rdparty_in1k,configs/xcit/xcit-medium-24-p16_8xb128_in1k.py,16129561088,84395752,82.56,95.82,,,
poolformer-m48_3rdparty_32xb128_in1k,configs/poolformer/poolformer-m48_32xb128_in1k.py,11801805696,73473448,82.51,95.95,,,
edgenext-base_3rdparty_in1k,configs/edgenext/edgenext-base_8xb256_in1k.py,3814395280,18511292,82.48,96.2,,,
efficientnet-b2_3rdparty-ra-noisystudent_in1k,configs/efficientnet/efficientnet-b2_8xb32_in1k.py,1066620392,9109994,82.47,96.23,,,
vit-base-p32_clip-laion2b-pre_3rdparty_in1k,configs/clip/vit-base-p32_pt-64xb64_in1k.py,4364335104,88225000,82.46,96.12,,,
xcit-tiny-12-p8_3rdparty-dist_in1k-384px,configs/xcit/xcit-tiny-12-p8_8xb128_in1k-384px.py,14126142912,6706504,82.46,96.22,,,
efficientformer-l3_3rdparty_8xb128_in1k,configs/efficientformer/efficientformer-l3_8xb128_in1k.py,3737045760,31406000,82.45,96.18,,,
xcit-tiny-24-p16_3rdparty-dist_in1k-384px,configs/xcit/xcit-tiny-24-p16_8xb128_in1k-384px.py,6872966592,12116896,82.43,96.2,,,
xcit-small-24-p16_3rdparty_in1k,configs/xcit/xcit-small-24-p16_8xb128_in1k.py,9095064960,47671384,82.38,95.93,,,
vit-base-p16_32xb128-mae_in1k,configs/vision_transformer/vit-base-p16_32xb128-mae_in1k.py,17581972224,86567656,82.37,96.15,,,
mvitv2-tiny_3rdparty_in1k,configs/mvit/mvitv2-tiny_8xb256_in1k.py,4703510768,24173320,82.33,96.15,,,
davit-tiny_3rdparty_in1k,configs/davit/davit-tiny_4xb256_in1k.py,4539698688,28360168,82.24,96.13,,,
riformer-s36_in1k-384,configs/riformer/riformer-s36_8xb64_in1k-384px.py,14702000000,30863000,82.22,95.95,,,
poolformer-m36_3rdparty_32xb128_in1k,configs/poolformer/poolformer-m36_32xb128_in1k.py,8960175744,56172520,82.14,95.71,,,
convnext-tiny_32xb128_in1k,configs/convnext/convnext-tiny_32xb128_in1k.py,4457472768,28589128,82.14,96.06,,,
hivit-tiny-p16_16xb64_in1k,configs/hivit/hivit-tiny-p16_16xb64_in1k.py,4603000000,19181000,82.1,,,,
convnext-v2-nano_fcmae-in21k-pre_3rdparty_in1k,configs/convnext_v2/convnext-v2-nano_32xb32_in1k.py,2454926720,15623800,82.04,96.16,,,
efficientnetv2-b3_3rdparty_in1k,configs/efficientnet_v2/efficientnetv2-b3_8xb32_in1k.py,3498068400,14358406,82.03,95.88,,,
pvig-small_3rdparty_in1k,configs/vig/pvig-small_8xb128_in1k.py,4572000000,29024000,82.0,95.97,,,
conformer-small-p32_8xb128_in1k,configs/conformer/conformer-small-p32_8xb128_in1k.py,7087281792,38853072,81.96,96.02,,,
convnext-tiny_32xb128-noema_in1k,configs/convnext/convnext-tiny_32xb128_in1k.py,4457472768,28589128,81.95,95.89,,,
xcit-small-12-p16_3rdparty_in1k,configs/xcit/xcit-small-12-p16_8xb128_in1k.py,4814951808,26253304,81.87,95.77,,,
convnext-v2-nano_fcmae-pre_3rdparty_in1k,configs/convnext_v2/convnext-v2-nano_32xb32_in1k.py,2454926720,15623800,81.86,95.75,,,
t2t-vit-t-14_8xb64_in1k,configs/t2t_vit/t2t-vit-t-14_8xb64_in1k.py,4340000000,21470000,81.83,95.84,,,
repvgg-D2se_3rdparty_in1k,configs/repvgg/repvgg-D2se_8xb32_in1k.py,32838581760,120387572,81.81,95.94,,,
revvit-base_3rdparty_in1k,configs/revvit/revvit-base_8xb256_in1k.py,17490450432,87337192,81.81,95.56,,,
efficientnet-b3_3rdparty_8xb32-aa-advprop_in1k,configs/efficientnet/efficientnet-b3_8xb32-01norm_in1k.py,1953798216,12233232,81.81,95.69,,,
deit-base_3rdparty_in1k,configs/deit/deit-base_16xb64_in1k.py,17581972224,86567656,81.79,95.59,,,
vit-base-p32_clip-openai-pre_3rdparty_in1k,configs/clip/vit-base-p32_pt-64xb64_in1k.py,4364335104,88225000,81.77,95.89,,,
twins-svt-small_3rdparty_8xb128_in1k,configs/twins/twins-svt-small_8xb128_in1k.py,2820000000,24060000,81.77,95.57,,,
swinv2-tiny-w8_3rdparty_in1k-256px,configs/swin_transformer_v2/swinv2-tiny-w8_16xb64_in1k-256px.py,4350000000,28350000,81.76,95.87,,,
deit-base_16xb64_in1k,configs/deit/deit-base_16xb64_in1k.py,17581972224,86567656,81.76,95.81,,,
xcit-tiny-24-p8_3rdparty_in1k,configs/xcit/xcit-tiny-24-p8_8xb128_in1k.py,9205828032,12107128,81.7,95.9,,,
levit-256_3rdparty_in1k,configs/levit/levit-256_8xb256_in1k.py,1141625216,18379852,81.59,95.46,,,
efficientnet-b3_3rdparty_8xb32-aa_in1k,configs/efficientnet/efficientnet-b3_8xb32_in1k.py,1953798216,12233232,81.58,95.67,,,
tnt-small-p16_3rdparty_in1k,configs/tnt/tnt-s-p16_16xb64_in1k.py,3360000000,23760000,81.52,95.73,,,
wide-resnet50_3rdparty-timm_8xb32_in1k,configs/wrn/wide-resnet50_timm_8xb32_in1k.py,11440000000,68880000,81.45,95.53,,,
tinyvit-11m_3rdparty_in1k,configs/tinyvit/tinyvit-11m_8xb256_in1k.py,2050033664,10996972,81.44,95.79,,,
efficientnet-b1_3rdparty-ra-noisystudent_in1k,configs/efficientnet/efficientnet-b1_8xb32_in1k.py,744059920,7794184,81.44,95.83,,,
poolformer-s36_3rdparty_32xb128_in1k,configs/poolformer/poolformer-s36_32xb128_in1k.py,5149422592,30862760,81.43,95.45,,,
convmixer-1536-20_3rdparty_in1k,configs/convmixer/convmixer-1536-20_10xb64_in1k.py,48713170944,51625960,81.37,95.61,,,
riformer-s24_in1k-384,configs/riformer/riformer-s24_8xb128_in1k-384px.py,10028000000,21389000,81.36,95.4,,,
deit3-small-p16_3rdparty_in1k,configs/deit3/deit3-small-p16_64xb64_in1k.py,4607954304,22059496,81.35,95.31,,,
conformer-tiny-p16_3rdparty_in1k,configs/conformer/conformer-tiny-p16_8xb128_in1k.py,4899611328,23524704,81.31,95.6,,,
riformer-s36_in1k,configs/riformer/riformer-s36_8xb128_in1k.py,5003000000,30863000,81.29,95.41,,,
xcit-tiny-12-p8_3rdparty-dist_in1k,configs/xcit/xcit-tiny-12-p8_8xb128_in1k.py,4807399872,6706504,81.26,95.46,,,
swin-tiny_3rdparty_in1k,configs/swin_transformer/swin-tiny_16xb64_in1k.py,4360000000,28290000,81.18,95.52,,,
swin-tiny_16xb64_in1k,configs/swin_transformer/swin-tiny_16xb64_in1k.py,4360000000,28290000,81.18,95.61,,,
deit-small-distilled_3rdparty_in1k,configs/deit/deit-small-distilled_4xb256_in1k.py,4632876288,22436432,81.17,95.4,,,
twins-pcpvt-small_3rdparty_8xb128_in1k,configs/twins/twins-pcpvt-small_8xb128_in1k.py,3670000000,24110000,81.14,95.69,,,
repmlp-base_3rdparty_8xb64_in1k-256px,configs/repmlp/repmlp-base_8xb64_in1k-256px.py,9690000000,96450000,81.11,95.5,,,
edgenext-small-usi_3rdparty_in1k,configs/edgenext/edgenext-small_8xb256-usi_in1k.py,1249788000,5586832,81.06,95.34,,,
hrnet-w18_3rdparty_8xb32-ssld_in1k,configs/hrnet/hrnet-w18_4xb32_in1k.py,4330397932,21295164,81.06,95.7,,,
van-small_3rdparty_in1k,configs/van/van-small_8xb128_in1k.py,2520000000,13860000,81.01,95.63,,,
efficientnet-b3_3rdparty_8xb32_in1k,configs/efficientnet/efficientnet-b3_8xb32_in1k.py,1953798216,12233232,81.01,95.34,,,
tinyvit-5m_in21k-distill-pre_3rdparty_in1k,configs/tinyvit/tinyvit-5m-distill_8xb256_in1k.py,1286655360,5392764,80.71,95.57,,,
deit-small_4xb256_in1k,configs/deit/deit-small_4xb256_in1k.py,4607954304,22050664,80.69,95.06,,,
vit-tiny-p14_eva02-in21k-pre_3rdparty_in1k-336px,configs/eva02/eva02-tiny-p14_in1k.py,4675416000,5758888,80.69,95.54,,,
efficientnetv2-b2_3rdparty_in1k,configs/efficientnet_v2/efficientnetv2-b2_8xb32_in1k.py,1986433080,10096086,80.63,95.3,,,
vig-small_3rdparty_in1k,configs/vig/vig-small_8xb128_in1k.py,4535000000,22748000,80.61,95.28,,,
xcit-tiny-12-p16_3rdparty-dist_in1k-384px,configs/xcit/xcit-tiny-12-p16_8xb128_in1k-384px.py,3641468352,6716272,80.58,95.38,,,
repvgg-B3_8xb32_in1k,configs/repvgg/repvgg-B3_8xb32_in1k.py,26206448128,110960872,80.58,95.33,,,
xcit-tiny-24-p16_3rdparty-dist_in1k,configs/xcit/xcit-tiny-24-p16_8xb128_in1k.py,2339305152,12116896,80.51,95.17,,,
efficientformer-l1_3rdparty_8xb128_in1k,configs/efficientformer/efficientformer-l1_8xb128_in1k.py,1304601088,12278696,80.46,94.99,,,
efficientnet-b2_3rdparty_8xb32-aa-advprop_in1k,configs/efficientnet/efficientnet-b2_8xb32-01norm_in1k.py,1066620392,9109994,80.45,95.07,,,
repmlp-base_3rdparty_8xb64_in1k,configs/repmlp/repmlp-base_8xb64_in1k.py,6710000000,68240000,80.41,95.14,,,
poolformer-s24_3rdparty_32xb128_in1k,configs/poolformer/poolformer-s24_32xb128_in1k.py,3510411008,21388968,80.33,95.05,,,
convnext-v2-pico_fcmae-pre_3rdparty_in1k,configs/convnext_v2/convnext-v2-pico_32xb32_in1k.py,1374072320,9066280,80.31,95.08,,,
riformer-s24_in1k,configs/riformer/riformer-s24_8xb128_in1k.py,3412000000,21389000,80.28,94.8,,,
repvgg-B3g4_8xb32_in1k,configs/repvgg/repvgg-B3g4_8xb32_in1k.py,16062065152,75626728,80.26,95.15,,,
efficientnet-b2_3rdparty_8xb32-aa_in1k,configs/efficientnet/efficientnet-b2_8xb32_in1k.py,1066620392,9109994,80.21,94.96,,,
convmixer-768-32_3rdparty_in1k,configs/convmixer/convmixer-768-32_10xb64_in1k.py,19623051264,21110248,80.16,95.08,,,
resnet50_8xb256-rsb-a1-600e_in1k,configs/resnet/resnet50_8xb256-rsb-a1-600e_in1k.py,4120000000,25560000,80.12,94.78,600.0,2048.0,"['LAMB', 'Weight Decay', 'Cosine Annealing', 'Mixup', 'CutMix', 'RepeatAugSampler', 'RandAugment']"
resnet50_spark-pre_300e_in1k,configs/spark/benchmarks/resnet50_8xb256-coslr-300e_in1k.py,1310000000,23520000,80.1,94.9,,,
cspdarknet50_3rdparty_8xb32_in1k,configs/cspnet/cspdarknet50_8xb32_in1k.py,5040000000,27640000,80.05,95.07,,,
cspresnext50_3rdparty_8xb32_in1k,configs/cspnet/cspresnext50_8xb32_in1k.py,3110000000,20570000,79.96,94.96,,,
revvit-small_3rdparty_in1k,configs/revvit/revvit-small_8xb256_in1k.py,4583427072,22435432,79.87,94.9,,,
levit-192_3rdparty_in1k,configs/levit/levit-192_8xb256_in1k.py,667860704,10561301,79.86,94.75,,,
efficientnetv2-b1_3rdparty_in1k,configs/efficientnet_v2/efficientnetv2-b1_8xb32_in1k.py,1438287552,8141052,79.8,94.89,,,
xcit-tiny-12-p8_3rdparty_in1k,configs/xcit/xcit-tiny-12-p8_8xb128_in1k.py,4807399872,6706504,79.75,94.88,,,
mobileone-s4_8xb32_in1k,configs/mobileone/mobileone-s4_8xb32_in1k.py,2979222528,14838352,79.69,94.46,,,
regnetx-12gf_8xb64_in1k,configs/regnet/regnetx-12gf_8xb64_in1k.py,12150000000,46110000,79.67,95.03,,,
efficientnet-b2_3rdparty_8xb32_in1k,configs/efficientnet/efficientnet-b2_8xb32_in1k.py,1066620392,9109994,79.64,94.8,,,
cspresnet50_3rdparty_8xb32_in1k,configs/cspnet/cspresnet50_8xb32_in1k.py,3480000000,21620000,79.55,94.68,,,
resnet50_8xb256-rsb-a2-300e_in1k,configs/resnet/resnet50_8xb256-rsb-a2-300e_in1k.py,4120000000,25560000,79.55,94.37,300.0,2048.0,"['LAMB', 'Weight Decay', 'Cosine Annealing', 'Mixup', 'CutMix', 'RepeatAugSampler', 'RandAugment']"
efficientnet-b1_3rdparty_8xb32-aa-advprop_in1k,configs/efficientnet/efficientnet-b1_8xb32-01norm_in1k.py,744059920,7794184,79.52,94.43,,,
xcit-tiny-24-p16_3rdparty_in1k,configs/xcit/xcit-tiny-24-p16_8xb128_in1k.py,2339305152,12116896,79.47,94.85,,,
hrnet-w64_3rdparty_8xb32_in1k,configs/hrnet/hrnet-w64_4xb32_in1k.py,29002298752,128056104,79.46,94.65,,,
repvgg-B2g4_8xb32_in1k,configs/repvgg/repvgg-B2g4_8xb32_in1k.py,11329464832,55777512,79.44,94.72,,,
edgenext-small_3rdparty_in1k,configs/edgenext/edgenext-small_8xb256_in1k.py,1249788000,5586832,79.41,94.53,,,
resnetv1d152_8xb32_in1k,configs/resnet/resnetv1d152_8xb32_in1k.py,11820000000,60210000,79.41,94.7,,,
regnetx-6.4gf_8xb64_in1k,configs/regnet/regnetx-6.4gf_8xb64_in1k.py,6510000000,26210000,79.38,94.65,,,
hrnet-w48_3rdparty_8xb32_in1k,configs/hrnet/hrnet-w48_4xb32_in1k.py,17364014752,77466024,79.32,94.52,,,
resnext101-32x8d_8xb32_in1k,configs/resnext/resnext101-32x8d_8xb32_in1k.py,16500000000,88790000,79.27,94.58,,,
efficientnet-b1_3rdparty_8xb32-aa_in1k,configs/efficientnet/efficientnet-b1_8xb32_in1k.py,744059920,7794184,79.2,94.42,,,
res2net50-w26-s8_3rdparty_8xb32_in1k,configs/res2net/res2net50-w26-s8_8xb32_in1k.py,8390000000,48400000,79.2,94.36,,,
res2net101-w26-s4_3rdparty_8xb32_in1k,configs/res2net/res2net101-w26-s4_8xb32_in1k.py,8120000000,45210000,79.19,94.44,,,
regnetx-8.0gf_8xb64_in1k,configs/regnet/regnetx-8.0gf_8xb64_in1k.py,8030000000,39570000,79.12,94.51,,,
tinyvit-5m_3rdparty_in1k,configs/tinyvit/tinyvit-5m_8xb256_in1k.py,1286655360,5392764,79.02,94.74,,,
hrnet-w40_3rdparty_8xb32_in1k,configs/hrnet/hrnet-w40_4xb32_in1k.py,12767574064,57553320,78.94,94.47,,,
resnetv1d101_8xb32_in1k,configs/resnet/resnetv1d101_8xb32_in1k.py,8090000000,44570000,78.93,94.48,,,
vit-base-p16_milan-pre_8xb2048-linear-coslr-100e_in1k,configs/milan/benchmarks/vit-base-p16_8xb2048-linear-coslr-100e_in1k.py,17581972992,86567656,78.9,,100.0,16384.0,
hrnet-w44_3rdparty_8xb32_in1k,configs/hrnet/hrnet-w44_4xb32_in1k.py,14963902632,67061144,78.88,94.37,,,
resnext152-32x4d_8xb32_in1k,configs/resnext/resnext152-32x4d_8xb32_in1k.py,11800000000,59950000,78.88,94.33,,,
wide-resnet101_3rdparty_8xb32_in1k,configs/wrn/wide-resnet101_8xb32_in1k.py,22810000000,126890000,78.84,94.28,,,
resnetv1c152_8xb32_in1k,configs/resnet/resnetv1c152_8xb32_in1k.py,11820000000,60210000,78.76,94.41,,,
xcit-tiny-12-p16_3rdparty-dist_in1k,configs/xcit/xcit-tiny-12-p16_8xb128_in1k.py,1239698112,6716272,78.7,94.12,,,
efficientnet-b1_3rdparty_8xb32_in1k,configs/efficientnet/efficientnet-b1_8xb32_in1k.py,744059920,7794184,78.68,94.28,,,
resnext101-32x4d_8xb32_in1k,configs/resnext/resnext101-32x4d_8xb32_in1k.py,8030000000,44180000,78.61,94.17,,,
regnetx-4.0gf_8xb64_in1k,configs/regnet/regnetx-4.0gf_8xb64_in1k.py,4000000000,22120000,78.6,94.17,,,
levit-128_3rdparty_in1k,configs/levit/levit-128_8xb256_in1k.py,413060992,8828168,78.58,93.95,,,
repvgg-B2_8xb32_in1k,configs/repvgg/repvgg-B2_8xb32_in1k.py,18374175232,80315112,78.58,94.23,,,
efficientnetv2-b0_3rdparty_in1k,configs/efficientnet_v2/efficientnetv2-b0_8xb32_in1k.py,919843360,7139704,78.52,94.44,,,
resnet152_8xb32_in1k,configs/resnet/resnet152_8xb32_in1k.py,11580000000,60190000,78.48,94.13,,,
convnext-v2-femto_fcmae-pre_3rdparty_in1k,configs/convnext_v2/convnext-v2-femto_32xb32_in1k.py,784892544,5233240,78.48,93.98,,,
wide-resnet50_3rdparty_8xb32_in1k,configs/wrn/wide-resnet50_8xb32_in1k.py,11440000000,68880000,78.48,94.08,,,
hrnet-w32_3rdparty_8xb32_in1k,configs/hrnet/hrnet-w32_4xb32_in1k.py,8986267584,41228840,78.44,94.19,,,
pvig-tiny_3rdparty_in1k,configs/vig/pvig-tiny_8xb128_in1k.py,1714000000,9458000,78.38,94.38,,,
resnet50_8xb256-rsb-a3-100e_in1k,configs/resnet/resnet50_8xb256-rsb-a3-100e_in1k.py,4120000000,25560000,78.3,93.8,,2048.0,"['LAMB', 'Weight Decay', 'Cosine Annealing', 'Mixup', 'CutMix', 'RandAugment']"
resnetv1c101_8xb32_in1k,configs/resnet/resnetv1c101_8xb32_in1k.py,8090000000,44570000,78.3,94.27,,,
riformer-s12_in1k-384,configs/riformer/riformer-s12_8xb128_in1k-384px.py,5355000000,11915000,78.29,93.93,,,
seresnet101_8xb32_in1k,configs/seresnet/seresnet101_8xb32_in1k.py,7860000000,49330000,78.26,94.07,,,
mobilevit-small_3rdparty_in1k,configs/mobilevit/mobilevit-small_8xb128_in1k.py,2030000000,5580000,78.25,94.09,,,
repvgg-B1_8xb32_in1k,configs/repvgg/repvgg-B1_8xb32_in1k.py,11813537792,51829480,78.19,94.04,,,
hrnet-w30_3rdparty_8xb32_in1k,configs/hrnet/hrnet-w30_4xb32_in1k.py,8168305684,37708380,78.19,94.22,,,
res2net50-w14-s8_3rdparty_8xb32_in1k,configs/res2net/res2net50-w14-s8_8xb32_in1k.py,4220000000,25060000,78.14,93.85,,,
regnetx-3.2gf_8xb64_in1k,configs/regnet/regnetx-3.2gf_8xb64_in1k.py,1530000000,3210000,78.09,94.08,,,
mobileone-s3_8xb32_in1k,configs/mobileone/mobileone-s3_8xb32_in1k.py,1893842944,10078312,78.06,93.83,,,
resnet101_8xb32_in1k,configs/resnet/resnet101_8xb32_in1k.py,7850000000,44550000,77.97,94.06,,,
resnext50-32x4d_8xb32_in1k,configs/resnext/resnext50-32x4d_8xb32_in1k.py,4270000000,25030000,77.9,93.66,,,
repvgg-B1g2_8xb32_in1k,configs/repvgg/repvgg-B1g2_8xb32_in1k.py,8807794688,41360104,77.87,93.99,,,
repvgg-B1g4_8xb32_in1k,configs/repvgg/repvgg-B1g4_8xb32_in1k.py,7304923136,36125416,77.81,93.77,,,
seresnet50_8xb32_in1k,configs/seresnet/seresnet50_8xb32_in1k.py,4130000000,28090000,77.74,93.84,,,
xcit-nano-12-p8_3rdparty-dist_in1k-384px,configs/xcit/xcit-nano-12-p8_8xb128_in1k-384px.py,6337760896,3049016,77.69,94.09,,,
efficientnet-b0_3rdparty-ra-noisystudent_in1k,configs/efficientnet/efficientnet-b0_8xb32_in1k.py,420592480,5288548,77.63,94.0,,,
densenet161_3rdparty_in1k,configs/densenet/densenet161_4xb256_in1k.py,7816363968,28681000,77.61,93.83,,,
inception-v3_3rdparty_8xb32_in1k,configs/inception_v3/inception-v3_8xb32_in1k.py,5745177632,23834568,77.57,93.58,,,
resnetv1d50_8xb32_in1k,configs/resnet/resnetv1d50_8xb32_in1k.py,4360000000,25580000,77.54,93.57,,,
efficientnet-b0_3rdparty_8xb32-aa-advprop_in1k,configs/efficientnet/efficientnet-b0_8xb32-01norm_in1k.py,420592480,5288548,77.53,93.61,,,
mobileone-s2_8xb32_in1k,configs/mobileone/mobileone-s2_8xb32_in1k.py,1296478848,7808168,77.37,93.34,,,
densenet201_3rdparty_in1k,configs/densenet/densenet201_4xb256_in1k.py,4365236736,20013928,77.32,93.64,,,
efficientnet-b0_3rdparty_8xb32-aa_in1k,configs/efficientnet/efficientnet-b0_8xb32_in1k.py,420592480,5288548,77.26,93.41,,,
poolformer-s12_3rdparty_32xb128_in1k,configs/poolformer/poolformer-s12_32xb128_in1k.py,1871399424,11915176,77.24,93.51,,,
xcit-tiny-12-p16_3rdparty_in1k,configs/xcit/xcit-tiny-12-p16_8xb128_in1k.py,1239698112,6716272,77.21,93.62,,,
resnetv1c50_8xb32_in1k,configs/resnet/resnetv1c50_8xb32_in1k.py,4360000000,25580000,77.01,93.58,,,
convmixer-1024-20_3rdparty_in1k,configs/convmixer/convmixer-1024-20_10xb64_in1k.py,5550112768,24383464,76.94,93.36,,,
vit-base-p16_mocov3-pre_8xb128-linear-coslr-90e_in1k,configs/mocov3/benchmarks/vit-base-p16_8xb128-linear-coslr-90e_in1k.py,17581972224,86567656,76.9,,90.0,1024.0,
riformer-s12_in1k,configs/riformer/riformer-s12_8xb128_in1k.py,1822000000,11915000,76.9,93.06,,,
regnetx-1.6gf_8xb128_in1k,configs/regnet/regnetx-1.6gf_8xb128_in1k.py,1630000000,9190000,76.84,93.31,,,
hrnet-w18_3rdparty_8xb32_in1k,configs/hrnet/hrnet-w18_4xb32_in1k.py,4330397932,21295164,76.75,93.44,,,
efficientnet-b0_3rdparty_8xb32_in1k,configs/efficientnet/efficientnet-b0_8xb32_in1k.py,420592480,5288548,76.74,93.17,,,
mlp-mixer-base-p16_3rdparty_64xb64_in1k,configs/mlp_mixer/mlp-mixer-base-p16_64xb64_in1k.py,12610000000,59880000,76.68,92.25,,,
convnext-v2-atto_fcmae-pre_3rdparty_in1k,configs/convnext_v2/convnext-v2-atto_32xb32_in1k.py,551718080,3708400,76.64,93.04,,,
resnet50_8xb32_in1k,configs/resnet/resnet50_8xb32_in1k.py,4120000000,25560000,76.55,93.06,,,
levit-128s_3rdparty_in1k,configs/levit/levit-128s_8xb256_in1k.py,310342496,7391290,76.51,92.9,,,
repvgg-A2_8xb32_in1k,configs/repvgg/repvgg-A2_8xb32_in1k.py,5115612544,25499944,76.49,93.09,,,
resnet50_8xb32-fp16_in1k,configs/resnet/resnet50_8xb32-fp16_in1k.py,4120000000,25560000,76.3,93.07,,,"['SGD with Momentum', 'Weight Decay', 'Mixed Precision Training']"
xcit-nano-12-p8_3rdparty-dist_in1k,configs/xcit/xcit-nano-12-p8_8xb128_in1k.py,2156861056,3049016,76.17,93.08,,,
densenet169_3rdparty_in1k,configs/densenet/densenet169_4xb256_in1k.py,3416860160,14149480,76.08,93.11,,,
mobileone-s1_8xb32_in1k,configs/mobileone/mobileone-s1_8xb32_in1k.py,823839744,4764840,75.72,92.54,,,
vit-large-p16_mae-1600e-pre_8xb2048-linear-coslr-90e_in1k,configs/mae/benchmarks/vit-large-p16_8xb2048-linear-coslr-90e_in1k.py,61603112960,304326632,75.5,,90.0,16384.0,
van-tiny_3rdparty_in1k,configs/van/van-tiny_8xb128_in1k.py,880000000,4110000,75.41,93.02,,,
repvgg-B0_8xb32_in1k,configs/repvgg/repvgg-B0_8xb32_in1k.py,15820000000,3420000,75.27,92.21,,,
densenet121_3rdparty_in1k,configs/densenet/densenet121_4xb256_in1k.py,2881695488,7978856,74.96,92.21,,,
xcit-nano-12-p16_3rdparty-dist_in1k-384px,configs/xcit/xcit-nano-12-p16_8xb128_in1k-384px.py,1636347520,3053224,74.93,92.42,,,
edgenext-xsmall_3rdparty_in1k,configs/edgenext/edgenext-xsmall_8xb256_in1k.py,529970560,2336804,74.86,92.31,,,
regnetx-800mf_8xb128_in1k,configs/regnet/regnetx-800mf_8xb128_in1k.py,810000000,7260000,74.76,92.32,,,
mobilevit-xsmall_3rdparty_in1k,configs/mobilevit/mobilevit-xsmall_8xb128_in1k.py,1050000000,2320000,74.75,92.32,,,
vgg19bn_8xb32_in1k,configs/vgg/vgg19bn_8xb32_in1k.py,19700000000,143680000,74.68,92.27,,,
deit-tiny-distilled_3rdparty_in1k,configs/deit/deit-tiny-distilled_4xb256_in1k.py,1265371776,5910800,74.51,91.9,,,
deit-tiny_4xb256_in1k,configs/deit/deit-tiny_4xb256_in1k.py,1258219200,5717416,74.5,92.24,,,
resnet50_mocov3-800e-pre_8xb128-linear-coslr-90e_in1k,configs/mocov3/benchmarks/resnet50_8xb128-linear-coslr-90e_in1k.py,4109464576,25557032,74.4,,90.0,1024.0,
vig-tiny_3rdparty_in1k,configs/vig/vig-tiny_8xb128_in1k.py,1309000000,7185000,74.4,92.34,,,
repvgg-A1_8xb32_in1k,configs/repvgg/repvgg-A1_8xb32_in1k.py,2362750208,12789864,74.23,91.8,,,
mobilenet-v3-large_3rdparty_in1k,configs/mobilenet_v3/mobilenet-v3-large_8xb128_in1k.py,230000000,5480000,74.04,91.34,,,
xcit-nano-12-p8_3rdparty_in1k,configs/xcit/xcit-nano-12-p8_8xb128_in1k.py,2156861056,3049016,73.8,92.08,,,
vgg16bn_8xb32_in1k,configs/vgg/vgg16bn_8xb32_in1k.py,15530000000,138370000,73.74,91.66,,,
vit-large-p16_mae-800e-pre_8xb2048-linear-coslr-90e_in1k,configs/mae/benchmarks/vit-large-p16_8xb2048-linear-coslr-90e_in1k.py,61603112960,304326632,73.7,,90.0,16384.0,
resnet34_8xb32_in1k,configs/resnet/resnet34_8xb32_in1k.py,3680000000,2180000,73.62,91.59,,,
vit-small-p16_mocov3-pre_8xb128-linear-coslr-90e_in1k,configs/mocov3/benchmarks/vit-small-p16_8xb128-linear-coslr-90e_in1k.py,4607954304,22050664,73.6,,90.0,1024.0,
mobilenet-v3-large_8xb128_in1k,configs/mobilenet_v3/mobilenet-v3-large_8xb128_in1k.py,230000000,5480000,73.49,91.31,,,
resnet50_mocov3-300e-pre_8xb128-linear-coslr-90e_in1k,configs/mocov3/benchmarks/resnet50_8xb128-linear-coslr-90e_in1k.py,4109464576,25557032,72.8,,90.0,1024.0,
regnetx-400mf_8xb128_in1k,configs/regnet/regnetx-400mf_8xb128_in1k.py,410000000,5160000,72.56,90.78,,,
vgg19_8xb32_in1k,configs/vgg/vgg19_8xb32_in1k.py,19670000000,143670000,72.41,90.8,,,
repvgg-A0_8xb32_in1k,configs/repvgg/repvgg-A0_8xb32_in1k.py,1360233728,8309384,72.37,90.56,,,
xcit-nano-12-p16_3rdparty-dist_in1k,configs/xcit/xcit-nano-12-p16_8xb128_in1k.py,557074560,3053224,72.36,91.02,,,
mlp-mixer-large-p16_3rdparty_64xb64_in1k,configs/mlp_mixer/mlp-mixer-large-p16_64xb64_in1k.py,44570000000,208200000,72.34,88.02,,,
vgg13bn_8xb32_in1k,configs/vgg/vgg13bn_8xb32_in1k.py,11360000000,133050000,72.12,90.66,,,
mobilenet-v2_8xb32_in1k,configs/mobilenet_v2/mobilenet-v2_8xb32_in1k.py,319000000,3500000,71.86,90.42,,,
resnet50_byol-pre_8xb512-linear-coslr-90e_in1k,configs/byol/benchmarks/resnet50_8xb512-linear-coslr-90e_in1k.py,4109464576,25557032,71.8,,90.0,4096.0,
resnet50_barlowtwins-pre_8xb32-linear-coslr-100e_in1k,configs/barlowtwins/benchmarks/resnet50_8xb32-linear-coslr-100e_in1k.py,4109464576,25557032,71.8,,100.0,256.0,
vgg16_8xb32_in1k,configs/vgg/vgg16_8xb32_in1k.py,15500000000,138360000,71.62,90.49,,,
mobileone-s0_8xb32_in1k,configs/mobileone/mobileone-s0_8xb32_in1k.py,274136576,2078504,71.34,89.87,,,
edgenext-xxsmall_3rdparty_in1k,configs/edgenext/edgenext-xxsmall_8xb256_in1k.py,255640144,1327216,71.2,89.91,,,
vit-large-p16_mae-400e-pre_8xb2048-linear-coslr-90e_in1k,configs/mae/benchmarks/vit-large-p16_8xb2048-linear-coslr-90e_in1k.py,61603112960,304326632,70.7,,90.0,16384.0,
vgg11bn_8xb32_in1k,configs/vgg/vgg11bn_8xb32_in1k.py,7640000000,132870000,70.67,90.16,,,
resnet50_swav-pre_8xb32-linear-coslr-100e_in1k,configs/swav/benchmarks/resnet50_8xb512-linear-coslr-90e_in1k.py,4109464576,25557032,70.5,,100.0,256.0,
xcit-nano-12-p16_3rdparty_in1k,configs/xcit/xcit-nano-12-p16_8xb128_in1k.py,557074560,3053224,70.35,89.98,,,
vgg13_8xb32_in1k,configs/vgg/vgg13_8xb32_in1k.py,11340000000,133050000,70.02,89.46,,,
resnet18_8xb32_in1k,configs/resnet/resnet18_8xb32_in1k.py,1820000000,11690000,69.9,89.43,,,
resnet50_simsiam-200e-pre_8xb512-linear-coslr-90e_in1k,configs/simsiam/benchmarks/resnet50_8xb512-linear-coslr-90e_in1k.py,4109464576,25557032,69.8,,90.0,4096.0,
resnet50_mocov3-100e-pre_8xb128-linear-coslr-90e_in1k,configs/mocov3/benchmarks/resnet50_8xb128-linear-coslr-90e_in1k.py,4109464576,25557032,69.6,,90.0,1024.0,
shufflenet-v2-1x_16xb64_in1k,configs/shufflenet_v2/shufflenet-v2-1x_16xb64_in1k.py,149000000,2280000,69.55,88.92,,,
resnet50_simclr-800e-pre_8xb512-linear-coslr-90e_in1k,configs/simclr/benchmarks/resnet50_8xb512-linear-coslr-90e_in1k.py,4109464576,25557032,69.2,,90.0,4096.0,
mobilevit-xxsmall_3rdparty_in1k,configs/mobilevit/mobilevit-xxsmall_8xb128_in1k.py,420000000,1270000,69.02,88.91,,,
vit-base-p16_eva-mae-style-pre_8xb2048-linear-coslr-100e_in1k,configs/eva/benchmarks/vit-base-p16_8xb2048-linear-coslr-100e_in1k.py,17581972992,86567656,69.0,,100.0,16384.0,
vgg11_8xb32_in1k,configs/vgg/vgg11_8xb32_in1k.py,7630000000,132860000,68.75,88.87,,,
resnet50_simsiam-100e-pre_8xb512-linear-coslr-90e_in1k,configs/simsiam/benchmarks/resnet50_8xb512-linear-coslr-90e_in1k.py,4109464576,25557032,68.3,,90.0,4096.0,
shufflenet-v1-1x_16xb64_in1k,configs/shufflenet_v1/shufflenet-v1-1x_16xb64_in1k.py,146000000,1870000,68.13,87.81,,,
mobilenet-v3-small_3rdparty_in1k,configs/mobilenet_v3/mobilenet-v3-small_8xb128_in1k.py,60000000,2540000,67.66,87.41,,,
resnet50_mocov2-pre_8xb32-linear-steplr-100e_in1k,configs/mocov2/benchmarks/resnet50_8xb32-linear-steplr-100e_in1k.py,4109464576,25557032,67.5,,100.0,256.0,
vit-base-p16_mae-1600e-pre_8xb2048-linear-coslr-90e_in1k,configs/mae/benchmarks/vit-base-p16_8xb2048-linear-coslr-90e_in1k.py,17581972992,86567656,67.1,,90.0,16384.0,
resnet50_simclr-200e-pre_8xb512-linear-coslr-90e_in1k,configs/simclr/benchmarks/resnet50_8xb512-linear-coslr-90e_in1k.py,4109464576,25557032,66.9,,90.0,4096.0,
mobilenet-v3-small_8xb128_in1k,configs/mobilenet_v3/mobilenet-v3-small_8xb128_in1k.py,60000000,2540000,66.68,86.74,,,
mobilenet-v3-small-075_3rdparty_in1k,configs/mobilenet_v3/mobilenet-v3-small-075_8xb128_in1k.py,44791000,2040000,65.23,85.44,,,
vit-base-p16_mae-800e-pre_8xb2048-linear-coslr-90e_in1k,configs/mae/benchmarks/vit-base-p16_8xb2048-linear-coslr-90e_in1k.py,17581972992,86567656,65.1,,90.0,16384.0,
resnet50_densecl-pre_8xb32-linear-steplr-100e_in1k,configs/densecl/benchmarks/resnet50_8xb32-linear-steplr-100e_in1k.py,4109464576,25557032,63.5,,100.0,256.0,
vit-base-p16_mae-400e-pre_8xb2048-linear-coslr-90e_in1k,configs/mae/benchmarks/vit-base-p16_8xb2048-linear-coslr-90e_in1k.py,17581972992,86567656,62.5,,90.0,16384.0,
vit-base-p16_mae-300e-pre_8xb2048-linear-coslr-90e_in1k,configs/mae/benchmarks/vit-base-p16_8xb2048-linear-coslr-90e_in1k.py,17581972992,86567656,60.8,,90.0,16384.0,
mobilenet-v3-small-050_3rdparty_in1k,configs/mobilenet_v3/mobilenet-v3-small-050_8xb128_in1k.py,24895000,1590000,57.91,80.19,,,
hivit-small-p16_16xb64_in1k,configs/hivit/hivit-small-p16_16xb64_in1k.py,9072000000,37526000,,,,,
hivit-base-p16_16xb64_in1k,configs/hivit/hivit-base-p16_16xb64_in1k.py,18474000000,79051000,,,,,
